               epoch,      train/box_loss,      train/obj_loss,      train/cls_loss,   metrics/precision,      metrics/recall,     metrics/mAP_0.5,metrics/mAP_0.5:0.95,        val/box_loss,        val/obj_loss,        val/cls_loss,               x/lr0,               x/lr1,               x/lr2
                   0,             0.13594,             0.01574,            0.095588,             0.36838,            0.017379,           0.0046442,           0.0020958,             0.13206,           0.0070581,            0.095243,              0.0937,              0.0007,              0.0007
                   1,             0.12587,            0.012081,            0.088366,           0.0010668,            0.066631,           0.0020641,          0.00062573,             0.13416,            0.013203,             0.13149,            0.086005,            0.001005,            0.001005
                   2,             0.12342,            0.011788,            0.079264,             0.31263,            0.068825,           0.0030222,           0.0007627,             0.13282,            0.012148,             0.13491,            0.077782,            0.000782,            0.000782
