               epoch,      train/box_loss,      train/obj_loss,      train/cls_loss,   metrics/precision,      metrics/recall,     metrics/mAP_0.5,metrics/mAP_0.5:0.95,        val/box_loss,        val/obj_loss,        val/cls_loss,               x/lr0,               x/lr1,               x/lr2
                   0,             0.13676,            0.015483,            0.095105,             0.19908,            0.023622,           0.0037928,           0.0019805,             0.13186,           0.0072029,             0.10047,              0.0937,              0.0007,              0.0007
                   1,             0.12683,            0.013056,             0.08282,            0.098884,            0.018516,          0.00038074,          0.00010044,             0.13464,           0.0093943,             0.12522,            0.086005,            0.001005,            0.001005
                   2,             0.12259,            0.011238,            0.081466,             0.32481,          0.00049906,          0.00036253,          0.00013652,             0.13129,           0.0094006,             0.11972,            0.077782,            0.000782,            0.000782
